<?xml version="1.0" encoding="UTF-8"?>
<beans xmlns="http://www.springframework.org/schema/beans"
	xmlns:xsi="http://www.w3.org/2001/XMLSchema-instance" xmlns:context="http://www.springframework.org/schema/context"
	xmlns:mvc="http://www.springframework.org/schema/mvc"
	xsi:schemaLocation="http://www.springframework.org/schema/beans 
	http://www.springframework.org/schema/beans/spring-beans.xsd
	http://www.springframework.org/schema/context
	http://www.springframework.org/schema/context/spring-context-4.0.xsd
	http://www.springframework.org/schema/mvc
	http://www.springframework.org/schema/mvc/spring-mvc-4.0.xsd">



	 <mvc:annotation-driven />

	<!--
		配置静态资源，直接映射到对应的文件夹，不被DispatcherServlet处理.
	-->

	<mvc:resources mapping="/resoucre/js/**" location="/resource/js/" />
   	<mvc:resources mapping="/resoucre/img/**" location="/resource/img/" />
   
    <!-- 开启注解 -->
	

	<!-- 定义跳转的文件的前后缀 ，视图模式配置-->
	<bean id="viewResolver"
		class="org.springframework.web.servlet.view.InternalResourceViewResolver">
		<property name="prefix" value="/WEB-INF/jsp/" />
		<property name="suffix" value=".jsp" />
		<property name="viewClass" value="org.springframework.web.servlet.view.JstlView" />
	</bean>
	
		<!-- 注解扫描包 -->
	<context:component-scan base-package="cn.fudanyang" />
	
</beans>
