<?xml version="1.0" encoding="UTF-8"?>
<!DOCTYPE configuration PUBLIC "-//mybatis.org//DTD Config 3.0//EN" 
           "http://mybatis.org/dtd/mybatis-3-config.dtd">
<configuration>
  <environments default="ndpi">
      <environment id="ndpi">
          <transactionManager type="JDBC"></transactionManager>
          <dataSource type="POOLED">
                <property name="driver" value="com.mysql.jdbc.Driver" />
                <property name="url" value="jdbc:mysql://localhost:3306/ndpi_demo" />
                <property name="username" value="root" />
                <property name="password" value="123456" /> 
          </dataSource>  
      </environment>
  
  </environments>
      <mappers> 
            <mapper resource="cn/fudanyang/mapping/ClickMapper.xml"/>
     </mappers>
</configuration>